{
  "Total" : {
    "transaction" : "Total",
    "sampleCount" : 8317,
    "errorCount" : 0,
    "errorPct" : 0.0,
    "meanResTime" : 419.09149933870395,
    "minResTime" : 14.0,
    "maxResTime" : 7925.0,
    "pct1ResTime" : 1256.0,
    "pct2ResTime" : 1505.0999999999995,
    "pct3ResTime" : 1857.4599999999991,
    "throughput" : 109.72729791416546,
    "receivedKBytesPerSec" : 5039.627704695602,
    "sentKBytesPerSec" : 17.680668120934865
  },
  "Press Release" : {
    "transaction" : "Press Release",
    "sampleCount" : 8317,
    "errorCount" : 0,
    "errorPct" : 0.0,
    "meanResTime" : 419.09149933870395,
    "minResTime" : 14.0,
    "maxResTime" : 7925.0,
    "pct1ResTime" : 1256.0,
    "pct2ResTime" : 1505.0999999999995,
    "pct3ResTime" : 1857.4599999999991,
    "throughput" : 109.72729791416546,
    "receivedKBytesPerSec" : 5039.627704695602,
    "sentKBytesPerSec" : 17.680668120934865
  }
}